TPANIC_RS00010	1
TPANIC_RS00015	2
TPANIC_RS00025	61
TPANIC_RS00035	62
TPANIC_RS00040	71
TPANIC_RS00055	1
TPANIC_RS00060	7
TPANIC_RS00065	1
TPANIC_RS00070	65
TPANIC_RS00115	2
TPANIC_RS00135	4
TPANIC_RS00145	3
TPANIC_RS00150	8
TPANIC_RS00155	2
TPANIC_RS00165	55
TPANIC_RS00170	1
TPANIC_RS00190	13
TPANIC_RS00200	56
TPANIC_RS00205	3
TPANIC_RS00210	2
TPANIC_RS00240	2
TPANIC_RS00245	1
TPANIC_RS00250	57
TPANIC_RS00255	2
TPANIC_RS00260	5
TPANIC_RS00265	2
TPANIC_RS00275	7
TPANIC_RS00280	1
TPANIC_RS00285	4
TPANIC_RS00290	2
TPANIC_RS00315	2
TPANIC_RS00320	2
TPANIC_RS00325	71
TPANIC_RS00330	2
TPANIC_RS00335	4
TPANIC_RS00345	3
TPANIC_RS00355	58
TPANIC_RS00360	2
TPANIC_RS00375	57
TPANIC_RS00385	59
TPANIC_RS00390	3
TPANIC_RS00395	8
TPANIC_RS00405	58
TPANIC_RS00415	1
TPANIC_RS00420	9
TPANIC_RS00430	1
TPANIC_RS00440	4
TPANIC_RS00450	3
TPANIC_RS00465	2
TPANIC_RS00480	12
TPANIC_RS00495	2
TPANIC_RS00500	9
TPANIC_RS00505	2
TPANIC_RS00515	4
TPANIC_RS00525	8
TPANIC_RS00555	26
TPANIC_RS00560	3
TPANIC_RS00570	3
TPANIC_RS00575	3
TPANIC_RS00580	54
TPANIC_RS00585	15
TPANIC_RS00590	2203
TPANIC_RS00595	1
TPANIC_RS00605	2
TPANIC_RS00610	10
TPANIC_RS00615	2
TPANIC_RS00620	2
TPANIC_RS00630	3
TPANIC_RS00635	57
TPANIC_RS05455	21
TPANIC_RS05200	26
TPANIC_RS00665	1777
TPANIC_RS00675	37
TPANIC_RS00680	72
TPANIC_RS05460	9
TPANIC_RS00695	3019
TPANIC_RS05465	105
TPANIC_RS00705	2
TPANIC_RS00710	19
TPANIC_RS00725	19
TPANIC_RS00730	6
TPANIC_RS00735	10
TPANIC_RS00740	5
TPANIC_RS00750	13
TPANIC_RS00755	66
TPANIC_RS00760	3
TPANIC_RS00765	2
TPANIC_RS00775	28
TPANIC_RS00780	5
TPANIC_RS00795	7
TPANIC_RS00820	4
TPANIC_RS00835	13
TPANIC_RS00840	1
TPANIC_RS00865	4
TPANIC_RS00890	55
TPANIC_RS00895	443
TPANIC_RS00920	3
TPANIC_RS00925	1
TPANIC_RS00935	5
TPANIC_RS00940	2
TPANIC_RS00945	2
TPANIC_RS00965	2
TPANIC_RS00980	4
TPANIC_RS00985	2
TPANIC_RS01015	2
TPANIC_RS01025	2
TPANIC_RS01030	2
TPANIC_RS01035	6
TPANIC_RS01055	3
TPANIC_RS01075	3
TPANIC_RS01085	2
TPANIC_RS01090	3
TPANIC_RS01100	2
TPANIC_RS01115	3
TPANIC_RS01120	29
TPANIC_RS01130	160
TPANIC_RS01140	4
TPANIC_RS01145	6
TPANIC_RS01150	20
TPANIC_RS01155	6
TPANIC_RS01160	57
TPANIC_RS01170	57
TPANIC_RS01195	1
TPANIC_RS01220	8
TPANIC_RS01225	9
TPANIC_RS01230	4
TPANIC_RS01240	1
TPANIC_RS01255	4
TPANIC_RS01270	61
TPANIC_RS01275	1
TPANIC_RS01280	2
TPANIC_RS01290	1
TPANIC_RS01295	5
TPANIC_RS01300	114
TPANIC_RS01305	2
TPANIC_RS01310	12
TPANIC_RS01315	13
TPANIC_RS01320	3
TPANIC_RS01335	61
TPANIC_RS01340	31
TPANIC_RS01350	160
TPANIC_RS01365	3
TPANIC_RS01370	6
TPANIC_RS01375	11
TPANIC_RS01380	1
TPANIC_RS01390	1
TPANIC_RS01405	2
TPANIC_RS01410	3
TPANIC_RS01415	5
TPANIC_RS01435	57
TPANIC_RS01440	3
TPANIC_RS01445	4
TPANIC_RS01460	4
TPANIC_RS01470	2
TPANIC_RS01475	112
TPANIC_RS01485	63
TPANIC_RS01500	12
TPANIC_RS01505	224
TPANIC_RS01510	8
TPANIC_RS01515	1
TPANIC_RS01525	9
TPANIC_RS01530	59
TPANIC_RS01535	114
TPANIC_RS01540	1
TPANIC_RS01545	329
TPANIC_RS05470	117
TPANIC_RS05475	226
TPANIC_RS01555	394
TPANIC_RS01560	283
TPANIC_RS01565	74
TPANIC_RS01570	10
TPANIC_RS01585	29
TPANIC_RS01590	695
TPANIC_RS01600	6
TPANIC_RS05245	2
TPANIC_RS01615	67
TPANIC_RS05485	5
TPANIC_RS01645	2
TPANIC_RS01670	4
TPANIC_RS01685	69
TPANIC_RS01695	133
TPANIC_RS01700	2
TPANIC_RS01705	6
TPANIC_RS01715	3
TPANIC_RS01720	4
TPANIC_RS05425	3
TPANIC_RS05265	4
TPANIC_RS01770	4
TPANIC_RS01775	5
TPANIC_RS01795	12
TPANIC_RS01805	18
TPANIC_RS01810	2
TPANIC_RS01815	8
TPANIC_RS01830	2
TPANIC_RS01835	8
TPANIC_RS01845	9
TPANIC_RS01855	13
TPANIC_RS01865	54
TPANIC_RS01870	2
TPANIC_RS01875	3
TPANIC_RS01885	5
TPANIC_RS01890	57
TPANIC_RS01900	58
TPANIC_RS01905	3
TPANIC_RS01910	4
TPANIC_RS01925	67
TPANIC_RS01930	5
TPANIC_RS01935	2
TPANIC_RS01950	2
TPANIC_RS01955	3
TPANIC_RS01960	1
TPANIC_RS01965	55
TPANIC_RS01975	2
TPANIC_RS01995	65
TPANIC_RS02005	2
TPANIC_RS02010	4
TPANIC_RS02025	1
TPANIC_RS02035	2
TPANIC_RS02045	11
TPANIC_RS02055	3
TPANIC_RS02060	9
TPANIC_RS02080	3
TPANIC_RS02085	2
TPANIC_RS02095	10
TPANIC_RS02100	59
TPANIC_RS02105	55
TPANIC_RS02110	3
TPANIC_RS02115	304
TPANIC_RS02135	3
TPANIC_RS02140	2
TPANIC_RS02150	2
TPANIC_RS02155	3
TPANIC_RS02160	57
TPANIC_RS02170	2
TPANIC_RS02175	6
TPANIC_RS02180	2
TPANIC_RS02190	55
TPANIC_RS02195	2
TPANIC_RS02205	2
TPANIC_RS02235	7
TPANIC_RS02240	3
TPANIC_RS02260	546
TPANIC_RS02265	37
TPANIC_RS02270	3
TPANIC_RS02275	4
TPANIC_RS02280	11
TPANIC_RS02285	3
TPANIC_RS02290	58
TPANIC_RS02295	11
TPANIC_RS02300	58
TPANIC_RS02305	3
TPANIC_RS02310	3
TPANIC_RS02315	3
TPANIC_RS02320	10
TPANIC_RS02325	4
TPANIC_RS02330	4
TPANIC_RS02340	65
TPANIC_RS02345	21
TPANIC_RS02350	13
TPANIC_RS02355	57
TPANIC_RS02360	3
TPANIC_RS02365	164
TPANIC_RS02370	295
TPANIC_RS02395	1
TPANIC_RS02400	56
TPANIC_RS02405	57
TPANIC_RS02410	2
TPANIC_RS02415	10
TPANIC_RS02420	6
TPANIC_RS02435	56
TPANIC_RS02440	54
TPANIC_RS02445	3
TPANIC_RS02455	9
TPANIC_RS02475	8
TPANIC_RS02480	54
TPANIC_RS02485	2
TPANIC_RS02495	4
TPANIC_RS02500	1
TPANIC_RS02505	58
TPANIC_RS02510	3
TPANIC_RS02515	3
TPANIC_RS02520	598
TPANIC_RS02550	58
TPANIC_RS02560	5
TPANIC_RS02565	8
TPANIC_RS02580	2
TPANIC_RS02590	2
TPANIC_RS02595	58
TPANIC_RS02605	2
TPANIC_RS02610	56
TPANIC_RS02615	1
TPANIC_RS02620	3
TPANIC_RS02625	2
TPANIC_RS02640	3
TPANIC_RS02655	10
TPANIC_RS02660	2
TPANIC_RS02670	3
TPANIC_RS02675	3
TPANIC_RS02680	3
TPANIC_RS02685	123
TPANIC_RS02695	1885
TPANIC_RS02700	14
TPANIC_RS02705	3
TPANIC_RS02715	2
TPANIC_RS02725	1
TPANIC_RS02730	55
TPANIC_RS02740	7
TPANIC_RS02750	288
TPANIC_RS02755	121
TPANIC_RS02760	60
TPANIC_RS02770	2
TPANIC_RS05430	14
TPANIC_RS05320	4
TPANIC_RS02795	3
TPANIC_RS02810	64
TPANIC_RS02815	4
TPANIC_RS02820	55
TPANIC_RS02825	4
TPANIC_RS02830	58
TPANIC_RS02835	4
TPANIC_RS02845	75
TPANIC_RS02850	2
TPANIC_RS02855	3
TPANIC_RS02870	3
TPANIC_RS02875	62
TPANIC_RS02880	6
TPANIC_RS02885	5
TPANIC_RS02900	55
TPANIC_RS02915	5
TPANIC_RS02925	1
TPANIC_RS02930	2
TPANIC_RS02935	57
TPANIC_RS02945	3
TPANIC_RS02950	55
TPANIC_RS02960	5
TPANIC_RS02970	3
TPANIC_RS02975	13
TPANIC_RS03010	12
TPANIC_RS03015	69
TPANIC_RS03025	57
TPANIC_RS03035	4
TPANIC_RS03050	5
TPANIC_RS03055	52
TPANIC_RS03060	268
TPANIC_RS03065	444
TPANIC_RS03070	145
TPANIC_RS03075	11
TPANIC_RS03080	3
TPANIC_RS03090	3
TPANIC_RS03100	12
TPANIC_RS03105	3
TPANIC_RS03110	6
TPANIC_RS03115	59
TPANIC_RS03120	6
TPANIC_RS03125	4
TPANIC_RS03130	5
TPANIC_RS03135	4
TPANIC_RS03150	4
TPANIC_RS03170	28
TPANIC_RS03175	71
TPANIC_RS03180	3
TPANIC_RS03185	9
TPANIC_RS03195	55
TPANIC_RS03200	3
TPANIC_RS03205	17
TPANIC_RS03225	14
TPANIC_RS03230	10
TPANIC_RS03235	5
TPANIC_RS03240	10
TPANIC_RS03245	2
TPANIC_RS03265	5
TPANIC_RS03280	3
TPANIC_RS03285	5
TPANIC_RS03290	6
TPANIC_RS03295	2
TPANIC_RS03300	61
TPANIC_RS03310	12
TPANIC_RS05335	3
TPANIC_RS03325	5
TPANIC_RS03330	3
TPANIC_RS03335	2
TPANIC_RS03340	6
TPANIC_RS03345	2
TPANIC_RS03365	6
TPANIC_RS03375	6
TPANIC_RS03390	6
TPANIC_RS03395	3
TPANIC_RS03400	12
TPANIC_RS03405	1
TPANIC_RS03410	2
TPANIC_RS03415	4
TPANIC_RS03420	2
TPANIC_RS03430	55
TPANIC_RS03435	4
TPANIC_RS03445	8
TPANIC_RS03455	26
TPANIC_RS03460	6
TPANIC_RS03465	16
TPANIC_RS03470	13
TPANIC_RS03500	92
TPANIC_RS03510	9
TPANIC_RS03515	4
TPANIC_RS03520	3
TPANIC_RS03525	2
TPANIC_RS03540	1
TPANIC_RS03545	5
TPANIC_RS03550	5
TPANIC_RS03575	7
TPANIC_RS03580	63
TPANIC_RS03595	8
TPANIC_RS03600	3
TPANIC_RS03605	6
TPANIC_RS03615	39
TPANIC_RS03620	2
TPANIC_RS03625	2
TPANIC_RS03630	8
TPANIC_RS03635	62
TPANIC_RS03640	14
TPANIC_RS03645	16
TPANIC_RS03650	55
TPANIC_RS03655	59
TPANIC_RS03660	7
TPANIC_RS03665	1
TPANIC_RS03680	7
TPANIC_RS03700	75
TPANIC_RS03705	1
TPANIC_RS03710	66
TPANIC_RS03715	3
TPANIC_RS03725	4
TPANIC_RS03735	2
TPANIC_RS03745	57
TPANIC_RS03760	15
TPANIC_RS03770	9
TPANIC_RS03780	2
TPANIC_RS03785	8
TPANIC_RS03790	6
TPANIC_RS03800	4
TPANIC_RS03810	65
TPANIC_RS03815	9
TPANIC_RS03820	1
TPANIC_RS05350	11
TPANIC_RS03830	4
TPANIC_RS03845	3
TPANIC_RS03850	6
TPANIC_RS03865	4
TPANIC_RS03870	5
TPANIC_RS03875	9
TPANIC_RS03900	3
TPANIC_RS03910	5
TPANIC_RS03915	58
TPANIC_RS03920	2
TPANIC_RS03925	60
TPANIC_RS03930	1
TPANIC_RS03960	13
TPANIC_RS03965	6
TPANIC_RS03980	57
TPANIC_RS03985	5
TPANIC_RS03990	8
TPANIC_RS04010	5
TPANIC_RS04015	4
TPANIC_RS04025	3
TPANIC_RS04030	2
TPANIC_RS04045	9
TPANIC_RS04055	57
TPANIC_RS04060	2
TPANIC_RS04075	3
TPANIC_RS04090	4
TPANIC_RS04100	2
TPANIC_RS04105	4
TPANIC_RS04110	8
TPANIC_RS04115	5
TPANIC_RS04120	7
TPANIC_RS04125	2
TPANIC_RS04130	3
TPANIC_RS04135	3
TPANIC_RS04140	21
TPANIC_RS04145	9
TPANIC_RS04150	1
TPANIC_RS04155	4
TPANIC_RS04160	72
TPANIC_RS04175	4
TPANIC_RS04200	2
TPANIC_RS04210	5
TPANIC_RS04215	6
TPANIC_RS04225	79
TPANIC_RS04230	26
TPANIC_RS04235	28
TPANIC_RS04240	319
TPANIC_RS04245	83
TPANIC_RS04250	63
TPANIC_RS04255	3
TPANIC_RS04265	26
TPANIC_RS04270	166
TPANIC_RS04275	17
TPANIC_RS04285	52
TPANIC_RS04300	70
TPANIC_RS04320	2
TPANIC_RS04325	116
TPANIC_RS04330	6
TPANIC_RS04335	3
TPANIC_RS04350	6
TPANIC_RS04365	6
TPANIC_RS04385	6
TPANIC_RS04395	13
TPANIC_RS04405	7
TPANIC_RS04410	1
TPANIC_RS04415	2
TPANIC_RS04420	3248
TPANIC_RS04425	145
TPANIC_RS04430	3
TPANIC_RS04435	1
TPANIC_RS04445	4
TPANIC_RS04485	116
TPANIC_RS04490	2
TPANIC_RS04505	57
TPANIC_RS04510	5
TPANIC_RS04525	3
TPANIC_RS04530	3
TPANIC_RS04550	64
TPANIC_RS04565	18
TPANIC_RS05505	6
TPANIC_RS05510	3
TPANIC_RS04585	1
TPANIC_RS04590	6
TPANIC_RS04595	8
TPANIC_RS04610	8
TPANIC_RS04620	7
TPANIC_RS04625	4
TPANIC_RS04635	4
TPANIC_RS04640	3
TPANIC_RS04645	4
TPANIC_RS04655	1
TPANIC_RS04660	12
TPANIC_RS04670	16
TPANIC_RS04680	11
TPANIC_RS04690	59
TPANIC_RS04695	5
TPANIC_RS04700	5
TPANIC_RS04710	3
TPANIC_RS04715	1
TPANIC_RS04720	72
TPANIC_RS04725	4
TPANIC_RS04735	2
TPANIC_RS04755	3
TPANIC_RS04760	185
TPANIC_RS04765	174
TPANIC_RS04770	162
TPANIC_RS04775	25
TPANIC_RS04780	2
TPANIC_RS04785	3
TPANIC_RS04790	55
TPANIC_RS04800	3
TPANIC_RS04805	2
TPANIC_RS04815	57
TPANIC_RS04835	1
TPANIC_RS04840	1
TPANIC_RS04845	2
TPANIC_RS04850	4
TPANIC_RS04860	6
TPANIC_RS04870	2
TPANIC_RS04875	3
TPANIC_RS04890	9
TPANIC_RS04900	6
TPANIC_RS04905	55
TPANIC_RS04910	3
TPANIC_RS04925	5
TPANIC_RS04940	3
TPANIC_RS04950	2
TPANIC_RS04960	3
TPANIC_RS04965	9
TPANIC_RS04970	1
TPANIC_RS04975	2
TPANIC_RS04995	9
TPANIC_RS05000	3
TPANIC_RS05015	2
TPANIC_RS05020	1
TPANIC_RS05030	2
TPANIC_RS05035	6
TPANIC_RS05040	2
TPANIC_RS05045	3
TPANIC_RS05050	2
TPANIC_RS05055	3
TPANIC_RS05060	2
TPANIC_RS05520	3
TPANIC_RS05075	4
TPANIC_RS05080	4
TPANIC_RS05085	58
TPANIC_RS05090	57
TPANIC_RS05095	1885
TPANIC_RS05105	10
TPANIC_RS05110	2
TPANIC_RS05115	10
TPANIC_RS05120	6
TPANIC_RS05130	2
TPANIC_RS05135	3
TPANIC_RS05140	2
